	Nucleoplasm	N. membrane	Nucleoli	N. fibrillar c.	N. speckles	N. bodies	ER	Golgi app.	Peroxisomes	Endosomes	Lysosomes	Int. fil.	Actin fil.	F. a. sites	Microtubules	M. ends	Cyt. bridge	Mitotic spindle	MTOC	Centrosome	Lipid droplets	PM	C. Junctions	Mitochondria	Aggresome	Cytosol	C. bodies	Rods & Rings
BPTF	0.7186262607574463	0.39876437187194824	0.06224706768989563	0.07433513551950455	0.07347865402698517	0.18485185503959656	0.07998424023389816	0.10915028303861618	0.0009254470351152122	0.000396307441405952	0.000214851665077731	0.0899314135313034	0.06552436947822571	0.03181388974189758	0.018422704190015793	0.00036977394483983517	0.11642616987228394	0.062314942479133606	0.03315754979848862	0.09057070314884186	0.020291944965720177	0.16863295435905457	0.03865564987063408	0.03723146393895149	0.010848172008991241	0.3004828095436096	0.5526914596557617	0.006305275484919548
KAT2B	0.2837807238101959	0.08100108057260513	0.4308149516582489	0.1255919188261032	0.10887225717306137	0.1200980395078659	0.17257894575595856	0.35414406657218933	0.028146125376224518	0.02794969081878662	0.025680487975478172	0.17388243973255157	0.0746791660785675	0.1770547777414322	0.02649526484310627	0.008443698287010193	0.08855997025966644	0.09138936549425125	0.16952769458293915	0.24184414744377136	0.1262064278125763	0.25389713048934937	0.10004381835460663	0.2235550880432129	0.03739915043115616	0.4829154312610626	0.16221365332603455	0.054958995431661606
PARP1	0.5806964635848999	0.12331310659646988	0.3685420751571655	0.19628116488456726	0.08439778536558151	0.21498443186283112	0.12242848426103592	0.20530468225479126	0.0015481595182791352	0.0020358068868517876	0.0017611922230571508	0.07068304717540741	0.03678703308105469	0.052154961973428726	0.020021317526698112	0.001976181287318468	0.07979179918766022	0.03998684510588646	0.08012446761131287	0.1361236721277237	0.032485634088516235	0.2685713469982147	0.07483994215726852	0.1372409611940384	0.012838921509683132	0.3730016052722931	0.3458249568939209	0.0139842564240098
MSL1	0.24815623462200165	0.009912378154695034	0.08042360842227936	0.03579253330826759	0.14819790422916412	0.09813790768384933	0.101722851395607	0.10249792039394379	0.001119536580517888	0.0016780331498011947	0.0005561922444030643	0.18582625687122345	0.05596018582582474	0.1333535760641098	0.05108308419585228	0.00203460780903697	0.08971191197633743	0.06375618278980255	0.07446533441543579	0.09525848180055618	0.0540316216647625	0.5848422646522522	0.42725107073783875	0.030608700588345528	0.008389913477003574	0.3888076841831207	0.12274124473333359	0.02450067736208439
KAT6B	0.6064236760139465	0.10176318138837814	0.3376554548740387	0.20131118595600128	0.07897771149873734	0.624009907245636	0.036678969860076904	0.16816876828670502	0.0003010901855304837	0.00011147106852149591	0.00017365769599564373	0.11397651582956314	0.0504942312836647	0.0389540009200573	0.01847444847226143	0.028477659448981285	0.12997959554195404	0.056402478367090225	0.07252178341150284	0.07868077605962753	0.0026462096720933914	0.17761102318763733	0.09009113907814026	0.12760919332504272	0.0058162328787148	0.22301821410655975	0.11772909760475159	0.00375077105127275
HDAC8	0.4942212998867035	0.060975704342126846	0.24121570587158203	0.15763422846794128	0.1222880482673645	0.14982950687408447	0.17779868841171265	0.3618502616882324	0.003418303793296218	0.011902935802936554	0.008886872790753841	0.22991983592510223	0.13842123746871948	0.19612669944763184	0.027612462639808655	0.002851536264643073	0.12559163570404053	0.0711737647652626	0.15734058618545532	0.2273135930299759	0.1158711239695549	0.3579336106777191	0.1836344599723816	0.1914108693599701	0.03248913958668709	0.37198787927627563	0.25180187821388245	0.022907160222530365
KDM5C	0.6727750897407532	0.07590750604867935	0.08940393477678299	0.06627890467643738	0.04324662312865257	0.12966260313987732	0.12475106865167618	0.1275106966495514	0.00118306337390095	0.00048449818859808147	0.0002517857647035271	0.2608092129230499	0.12372023612260818	0.11577264219522476	0.01120521780103445	0.0005017261137254536	0.08120071142911911	0.06310804933309555	0.07358887046575546	0.1534014642238617	0.021671436727046967	0.3065837025642395	0.1091802790760994	0.06382683664560318	0.008313596248626709	0.2831331193447113	0.5030027627944946	0.02679944783449173
BAZ1B	0.3618726134300232	0.026831690222024918	0.1688825786113739	0.16304583847522736	0.05551361292600632	0.14123216271400452	0.15347494184970856	0.16493257880210876	0.004819060210138559	0.02607923373579979	0.01828809268772602	0.11111768335103989	0.06089243292808533	0.06851305812597275	0.034552980214357376	0.00254492717795074	0.10955613106489182	0.10228690505027771	0.12873263657093048	0.17741914093494415	0.035592809319496155	0.25535863637924194	0.08535747975111008	0.07208824902772903	0.02140953578054905	0.7011474967002869	0.39446398615837097	0.04127763956785202
DNMT1	0.21948084235191345	0.03186752647161484	0.3310149610042572	0.13844455778598785	0.02333013340830803	0.15514838695526123	0.10179311037063599	0.1575109213590622	0.0008416420314460993	0.0008839086513034999	0.0005605392507277429	0.07646238058805466	0.04373784363269806	0.03245430439710617	0.07500565052032471	0.0011945337755605578	0.11342011392116547	0.10420150309801102	0.055538758635520935	0.21874700486660004	0.006105589680373669	0.33614861965179443	0.03648931533098221	0.04853830859065056	0.009388509206473827	0.7511029243469238	0.054996389895677567	0.0032882830128073692
KMT2E	0.7328380346298218	0.053907737135887146	0.057281430810689926	0.032465506345033646	0.09641462564468384	0.2640793025493622	0.19197072088718414	0.18304800987243652	0.001809948356822133	0.0004709067870862782	0.0008105101296678185	0.16465909779071808	0.07031761109828949	0.07072217762470245	0.013527586124837399	0.0005173392710275948	0.10037697106599808	0.030720235779881477	0.04149013012647629	0.0819009467959404	0.018115809187293053	0.23371635377407074	0.09538540244102478	0.15528342127799988	0.006445515900850296	0.25791504979133606	0.2618339955806732	0.014810691587626934
BRD4	0.48541152477264404	0.09572228789329529	0.2640422582626343	0.12799912691116333	0.156574547290802	0.20643533766269684	0.13294284045696259	0.30738839507102966	0.005580110475420952	0.017221087589859962	0.013303624466061592	0.2680622935295105	0.10433457791805267	0.19602282345294952	0.025591550394892693	0.0075032091699540615	0.09833676367998123	0.07275836169719696	0.1913660615682602	0.26855120062828064	0.07525544613599777	0.33127740025520325	0.15278691053390503	0.19404399394989014	0.04705351963639259	0.44969022274017334	0.18073366582393646	0.03797781467437744
YWHAE	0.13794313371181488	0.008044305257499218	0.1662895679473877	0.046510037034749985	0.0658254474401474	0.15041297674179077	0.2871153652667999	0.1975240558385849	0.00040980239282362163	0.00044426199747249484	0.0007261383580043912	0.07707123458385468	0.016849352046847343	0.053106047213077545	0.007134927436709404	0.0003301313263364136	0.0470380075275898	0.046140700578689575	0.06726536154747009	0.1603783816099167	0.01664147339761257	0.20432239770889282	0.06992597877979279	0.10344631224870682	0.006434354465454817	0.665164053440094	0.08112632483243942	0.02045600116252899
TP53BP1	0.3306981325149536	0.067292720079422	0.2594335079193115	0.1803273856639862	0.14585618674755096	0.6534773707389832	0.15328732132911682	0.213232159614563	0.0037838935386389494	0.005084564909338951	0.006550283636897802	0.11640962213277817	0.12787194550037384	0.06531977653503418	0.015994062647223473	0.0032366630621254444	0.05403925105929375	0.033428218215703964	0.1389351338148117	0.20282773673534393	0.010925010778009892	0.18077495694160461	0.051207106560468674	0.0858793780207634	0.043757323175668716	0.27308550477027893	0.08810993283987045	0.005039412062615156
BAP1	0.650911808013916	0.05825253948569298	0.13014370203018188	0.17528101801872253	0.08198598027229309	0.42994424700737	0.05915088206529617	0.14739283919334412	0.0020702139008790255	0.0026546826120465994	0.0023626203183084726	0.09950067102909088	0.20335309207439423	0.038296956568956375	0.05305773764848709	0.011962118558585644	0.11060216277837753	0.05285882204771042	0.09962211549282074	0.15158359706401825	0.00945537630468607	0.16178448498249054	0.05336344987154007	0.08485393226146698	0.022470368072390556	0.3937755227088928	0.3846418261528015	0.012452731840312481
PHF6	0.3051239848136902	0.1872662454843521	0.5473157167434692	0.23105238378047943	0.15892763435840607	0.150568887591362	0.14242617785930634	0.18240652978420258	0.0028742372523993254	0.0009252764866687357	0.0009568645036779344	0.14698857069015503	0.11402059346437454	0.1467895805835724	0.03776631876826286	0.010262371972203255	0.1426600068807602	0.022545883432030678	0.09143899381160736	0.16965891420841217	0.03229980543255806	0.3464082181453705	0.197624072432518	0.20211459696292877	0.02055329643189907	0.3700627088546753	0.17306461930274963	0.00797985214740038
HDAC1	0.7897576093673706	0.064893439412117	0.05561026185750961	0.06225210055708885	0.03526515141129494	0.11988896876573563	0.1735733449459076	0.11935340613126755	0.0003201767394784838	6.9282395998016e-05	0.00013301009312272072	0.23030340671539307	0.05180992931127548	0.035428550094366074	0.003326129401102662	3.221505903638899e-05	0.04654541239142418	0.020840061828494072	0.06481488049030304	0.05122373253107071	0.01172548346221447	0.15251106023788452	0.057841707020998	0.3484349548816681	0.004115635994821787	0.4024313688278198	0.22170355916023254	0.002754541113972664
HDAC9	0.25036704540252686	0.026339523494243622	0.2977488338947296	0.03986606374382973	0.019605275243520737	0.13140776753425598	0.06101006641983986	0.10063543170690536	0.0004923078813590109	0.0006228475831449032	0.0006132906419225037	0.06937645375728607	0.04488013684749603	0.07013984024524689	0.015322756953537464	0.0006835619569756091	0.03928687795996666	0.03011711686849594	0.034049518406391144	0.15329355001449585	0.028325334191322327	0.2931855022907257	0.0328100211918354	0.031381260603666306	0.007491265889257193	0.8036400675773621	0.039343979209661484	0.002205152763053775
KDM6B	0.30774986743927	0.038784049451351166	0.20515048503875732	0.0772036537528038	0.6757519841194153	0.2733584940433502	0.02079099789261818	0.16814781725406647	9.959070303011686e-05	0.0002482161216903478	0.00032225027098320425	0.06016147509217262	0.018694302067160606	0.012704961001873016	0.018879028037190437	0.0012649917043745518	0.07737311720848083	0.030904825776815414	0.10020153224468231	0.15442322194576263	0.0014173667877912521	0.1406254768371582	0.03083539940416813	0.032369907945394516	0.006999677512794733	0.38769328594207764	0.144097238779068	0.009166032075881958
HASPIN	0.4830152094364166	0.12364073097705841	0.2370782494544983	0.22434958815574646	0.16976439952850342	0.23789215087890625	0.14150099456310272	0.2310466319322586	0.009781889617443085	0.005658620037138462	0.004609907045960426	0.17859993875026703	0.14591355621814728	0.11809200793504715	0.049862030893564224	0.009292674250900745	0.14989079535007477	0.062323443591594696	0.11707759648561478	0.2300487756729126	0.07028750330209732	0.2670367956161499	0.13005457818508148	0.15247435867786407	0.05080587789416313	0.4129084348678589	0.2800131142139435	0.014170701615512371
PRKAA1	0.21826328337192535	0.04475591331720352	0.08340945094823837	0.020345084369182587	0.48391976952552795	0.10221860557794571	0.18707631528377533	0.16009916365146637	0.0018347339937463403	0.001977951033040881	0.0020698346197605133	0.23608194291591644	0.1329587697982788	0.23429341614246368	0.040687330067157745	0.0025000800378620625	0.06082945689558983	0.04508147016167641	0.1011972650885582	0.0875687524676323	0.11112945526838303	0.4131639897823334	0.1457376480102539	0.061418257653713226	0.005476468708366156	0.4961245059967041	0.13860435783863068	0.03695283085107803
DNMT3A	0.5606700778007507	0.025411419570446014	0.09904313087463379	0.024952849373221397	0.08913830667734146	0.181623175740242	0.10176420211791992	0.2177291065454483	0.0014448753790929914	0.0005378394853323698	0.0010371903190389276	0.24264027178287506	0.024342304095625877	0.030603041872382164	0.02148367278277874	0.0033117064740508795	0.13549813628196716	0.08505287021398544	0.07550543546676636	0.10212624073028564	0.0410127229988575	0.10995282232761383	0.04367884621024132	0.28017184138298035	0.013297421857714653	0.3792804181575775	0.08578624576330185	0.010460899211466312
NSD1	0.293892502784729	0.06704267114400864	0.3865109086036682	0.13704581558704376	0.12381032109260559	0.19044053554534912	0.16616548597812653	0.3432925045490265	0.014800140634179115	0.02330835908651352	0.0212803203612566	0.26857662200927734	0.1673518866300583	0.20157794654369354	0.06829357147216797	0.03393326327204704	0.15748752653598785	0.12466390430927277	0.22421543300151825	0.289188951253891	0.08307300508022308	0.2940557897090912	0.13015218079090118	0.212031751871109	0.0759783387184143	0.5537039637565613	0.13568958640098572	0.06081698089838028
BRD7	0.294027179479599	0.036246880888938904	0.1848122924566269	0.18633468449115753	0.08724162727594376	0.20627909898757935	0.1381552517414093	0.11416476964950562	0.0019443923374637961	0.0028895947616547346	0.0019138366915285587	0.1915690153837204	0.08711963146924973	0.06991344690322876	0.08212772756814957	0.008091747760772705	0.19199815392494202	0.21231727302074432	0.13070206344127655	0.1540883332490921	0.012105454690754414	0.3832662105560303	0.12964031100273132	0.04446365311741829	0.014317549765110016	0.7271378040313721	0.13571903109550476	0.010319909080862999
YWHAB	0.21794655919075012	0.02106158621609211	0.17655205726623535	0.10603141784667969	0.08973674476146698	0.1685238778591156	0.30660122632980347	0.18960249423980713	0.007439854089170694	0.0045556118711829185	0.006923133973032236	0.1225772574543953	0.06713198870420456	0.06890479475259781	0.02848733589053154	0.0034017262514680624	0.105631522834301	0.08450400829315186	0.16495026648044586	0.2209767997264862	0.03366106003522873	0.2371964007616043	0.12814168632030487	0.2679056227207184	0.046234823763370514	0.6254717111587524	0.15773262083530426	0.029597003012895584
BRD3	0.6204586029052734	0.07189080864191055	0.11148267239332199	0.06969144195318222	0.07218222320079803	0.3809475600719452	0.13033176958560944	0.19768723845481873	0.003978980239480734	0.004486203659325838	0.003605904756113887	0.16614386439323425	0.17916075885295868	0.1265527606010437	0.05873144790530205	0.008906761184334755	0.10821057856082916	0.07500927150249481	0.07519207894802094	0.13954541087150574	0.04255712404847145	0.3006958067417145	0.15883611142635345	0.09870342165231705	0.012306916527450085	0.33308640122413635	0.27473825216293335	0.04827578738331795
USP7	0.5501376390457153	0.0819774717092514	0.12500229477882385	0.10816049575805664	0.20891714096069336	0.1971200555562973	0.10278962552547455	0.10815241187810898	0.0008640802698209882	0.0006834939122200012	0.0006665682885795832	0.3615680932998657	0.06197002902626991	0.06226678937673569	0.05259694904088974	0.001767699490301311	0.11501456052064896	0.053086183965206146	0.18194997310638428	0.14059703052043915	0.011082973331212997	0.383616179227829	0.1493951827287674	0.06277880072593689	0.04727739095687866	0.48075613379478455	0.12287731468677521	0.018233323469758034
UHRF1	0.26160192489624023	0.05400708690285683	0.1865706592798233	0.15822787582874298	0.12007669359445572	0.25652071833610535	0.16587160527706146	0.306425005197525	0.004241929389536381	0.021087758243083954	0.012792319990694523	0.24137656390666962	0.14611518383026123	0.14427730441093445	0.05826811119914055	0.007150967605412006	0.10142833739519119	0.12548372149467468	0.21236397325992584	0.2846983075141907	0.0976327583193779	0.2535046339035034	0.10996291786432266	0.1617281138896942	0.042092811316251755	0.4199996292591095	0.45198866724967957	0.13111095130443573
HDAC2	0.6614956259727478	0.14481136202812195	0.30450505018234253	0.2798941135406494	0.12282850593328476	0.1943148374557495	0.07408633828163147	0.0937524065375328	0.0001427979295840487	3.286815990577452e-05	3.432762605370954e-05	0.11427698284387589	0.0342666395008564	0.02725919894874096	0.00858158990740776	0.0002254746068501845	0.059022922068834305	0.012693166732788086	0.03279442712664604	0.07625696808099747	0.005222002975642681	0.25873082876205444	0.0853932574391365	0.09532663971185684	0.006030548829585314	0.23270775377750397	0.31144922971725464	0.002170444466173649
HDAC10	0.19222286343574524	0.02339344657957554	0.25675123929977417	0.06299454718828201	0.03843814134597778	0.10733924806118011	0.15322375297546387	0.18188616633415222	0.00643820920959115	0.013694267719984055	0.007577140815556049	0.12262583523988724	0.04426150023937225	0.11408025771379471	0.018986908718943596	0.007538652513176203	0.08853509277105331	0.14137186110019684	0.10027636587619781	0.1777866631746292	0.1630069762468338	0.26714152097702026	0.06168028712272644	0.08303243666887283	0.011173252016305923	0.6621608138084412	0.21990370750427246	0.0854494720697403
TET1	0.37310370802879333	0.3765091896057129	0.1267835944890976	0.1279684454202652	0.09852319955825806	0.1789405345916748	0.20308783650398254	0.18999557197093964	0.004255506210029125	0.00816289335489273	0.006610127165913582	0.118131622672081	0.11551316827535629	0.11534880101680756	0.04896489530801773	0.0026547317393124104	0.13172470033168793	0.06226083263754845	0.1433064341545105	0.17139816284179688	0.11258040368556976	0.2495804876089096	0.1530108004808426	0.09756768494844437	0.04610584303736687	0.44622287154197693	0.4126240015029907	0.026787318289279938
JAK2	0.7370113134384155	0.553878664970398	0.0835176408290863	0.06618412584066391	0.03408161550760269	0.2148260772228241	0.049956079572439194	0.08118873089551926	0.0010003057541325688	0.0002448957529850304	0.0001384973875246942	0.09519688040018082	0.08030233532190323	0.03280274197459221	0.019028713926672935	0.0008750494453124702	0.10450110584497452	0.07982297986745834	0.04709639400243759	0.10055328905582428	0.009872213006019592	0.11072948575019836	0.029626699164509773	0.046955306082963943	0.007988558150827885	0.38256749510765076	0.42022693157196045	0.002602148102596402
PRKAA2	0.2834896445274353	0.0680241510272026	0.14891691505908966	0.062083519995212555	0.06665880233049393	0.10759599506855011	0.12492635846138	0.23866420984268188	0.0037832483649253845	0.016062408685684204	0.010001066140830517	0.1534854769706726	0.06669948250055313	0.13943742215633392	0.014096690341830254	0.002130449516698718	0.04577618092298508	0.08164884150028229	0.07184020429849625	0.17707620561122894	0.19503141939640045	0.27742302417755127	0.06429906189441681	0.07531877607107162	0.011995822191238403	0.6020326614379883	0.2220810204744339	0.04932835325598717
DNMT3B	0.38317492604255676	0.05336381494998932	0.1617758721113205	0.17902109026908875	0.0671573206782341	0.2051209807395935	0.17707718908786774	0.28687533736228943	0.007116218097507954	0.017129680141806602	0.011902330443263054	0.2204446643590927	0.161460742354393	0.12125720083713531	0.037318356335163116	0.00556284049525857	0.11817148327827454	0.06373193860054016	0.1368827074766159	0.2033289670944214	0.21927575767040253	0.34546011686325073	0.15426452457904816	0.14286230504512787	0.10757303237915039	0.43827638030052185	0.3830033242702484	0.030563104897737503
PRMT1	0.4928697645664215	0.02790185436606407	0.2136513888835907	0.12587714195251465	0.08286599069833755	0.22741520404815674	0.1529446691274643	0.13373804092407227	0.001338465022854507	0.0020892603788524866	0.0029361506458371878	0.0844806581735611	0.06410519033670425	0.03393203020095825	0.036332663148641586	0.001032221713103354	0.062750443816185	0.052607402205467224	0.05529477074742317	0.07119601219892502	0.03229174390435219	0.2774007320404053	0.059856705367565155	0.16561470925807953	0.007663520518690348	0.6935586929321289	0.20112669467926025	0.009649943560361862
BRPF1	0.25574713945388794	0.06259176135063171	0.3481198847293854	0.21023721992969513	0.08450333774089813	0.241665780544281	0.15959632396697998	0.3473562002182007	0.026296095922589302	0.029296686872839928	0.02813594788312912	0.12200012803077698	0.07216864824295044	0.06240508332848549	0.04548617824912071	0.006921134423464537	0.09432733803987503	0.10059937834739685	0.14755232632160187	0.1975480318069458	0.08079434186220169	0.2277623564004898	0.05537106469273567	0.23451365530490875	0.046095285564661026	0.6183554530143738	0.20288175344467163	0.028534136712551117
YWHAG	0.40645891427993774	0.06156254559755325	0.19882480800151825	0.0686497837305069	0.0833946019411087	0.10913845896720886	0.16739961504936218	0.38111963868141174	0.0027077558916062117	0.011989623308181763	0.008312192745506763	0.28022441267967224	0.11247949302196503	0.1992182731628418	0.017008382827043533	0.0017217325512319803	0.08092664182186127	0.07459165900945663	0.1404237151145935	0.26451799273490906	0.1176135390996933	0.3719758987426758	0.13965268433094025	0.17995485663414001	0.028987931087613106	0.39234650135040283	0.16131989657878876	0.04580027237534523
CHD1	0.4326838552951813	0.03320726752281189	0.3365685045719147	0.20866166055202484	0.1311548352241516	0.3320692777633667	0.15755043923854828	0.20853322744369507	0.004812236409634352	0.010184567421674728	0.01124561671167612	0.13191738724708557	0.0708630308508873	0.07275263220071793	0.05477974936366081	0.014186916872859001	0.17806480824947357	0.09189856797456741	0.1357838213443756	0.1658676564693451	0.03535783663392067	0.25754833221435547	0.1408528834581375	0.15558204054832458	0.049457043409347534	0.526881754398346	0.40035682916641235	0.047195401042699814
NEDD4	0.6835708618164062	0.10201313346624374	0.19972386956214905	0.13871681690216064	0.07903653383255005	0.2739675045013428	0.087262362241745	0.33529314398765564	0.01654861308634281	0.006004893220961094	0.007999296300113201	0.18688249588012695	0.15071497857570648	0.07432112097740173	0.0437251441180706	0.07594107836484909	0.21203593909740448	0.07752804458141327	0.17615114152431488	0.22022615373134613	0.04180991277098656	0.20773319900035858	0.10860870778560638	0.16987384855747223	0.07372482120990753	0.40531182289123535	0.1687096655368805	0.022587869316339493
UHRF2	0.6181735396385193	0.05371095612645149	0.12432102859020233	0.0742909386754036	0.1390203833580017	0.47810736298561096	0.10720271617174149	0.15885744988918304	0.0020942818373441696	0.0032009752467274666	0.002657015575096011	0.1541532278060913	0.1502244919538498	0.08604743331670761	0.04705435037612915	0.007390823680907488	0.13367225229740143	0.04391317442059517	0.07760116457939148	0.17403501272201538	0.026638351380825043	0.17916762828826904	0.07634032517671585	0.08737771958112717	0.02732023596763611	0.27300161123275757	0.3642134666442871	0.022381866350769997
HDAC3	0.6840254664421082	0.015600297600030899	0.12801599502563477	0.3490198254585266	0.025075014680624008	0.18323054909706116	0.06201149895787239	0.23304009437561035	0.01018218882381916	0.00035259235301055014	0.00036796717904508114	0.2104845494031906	0.01501086913049221	0.02108772099018097	0.014668960124254227	0.0013967495178803802	0.12682117521762848	0.13347333669662476	0.10873289406299591	0.11372215300798416	0.0049704876728355885	0.2059069722890854	0.05750468745827675	0.1208169087767601	0.02137100137770176	0.5628105998039246	0.05472521111369133	0.006337461993098259
HDAC11	0.4703618884086609	0.11311300843954086	0.3489220440387726	0.3699533939361572	0.14550450444221497	0.2475258708000183	0.11032193154096603	0.15918892621994019	0.012962679378688335	0.0040235863998532295	0.002502147573977709	0.09370316565036774	0.10629785060882568	0.05272366851568222	0.04369954764842987	0.005803503096103668	0.12191187590360641	0.04121563583612442	0.12865985929965973	0.28680989146232605	0.04499628022313118	0.2450954020023346	0.10565311461687088	0.15801459550857544	0.057115085422992706	0.37660202383995056	0.3062495291233063	0.007816014811396599
TET2	0.5177136063575745	0.0707022026181221	0.13525927066802979	0.04154288023710251	0.057943202555179596	0.14082151651382446	0.16868773102760315	0.17327360808849335	0.003787006251513958	0.003952571656554937	0.003870374523103237	0.09789230674505234	0.07093770802021027	0.11381068825721741	0.013041917234659195	0.0008446322754025459	0.05053694546222687	0.05455102026462555	0.06052670255303383	0.1624622642993927	0.0660741925239563	0.23736660182476044	0.06419961899518967	0.15042705833911896	0.008289512246847153	0.48290425539016724	0.31153032183647156	0.036807458847761154
RPS6KA5	0.5703898072242737	0.09610182046890259	0.11718735098838806	0.057686835527420044	0.06617577373981476	0.1474989652633667	0.08603189140558243	0.14698638021945953	0.0014026686549186707	0.0036545470356941223	0.0017372063593938947	0.15697461366653442	0.08997825533151627	0.1248800978064537	0.029939686879515648	0.0022706103045493364	0.10833705216646194	0.1036689504981041	0.09047036617994308	0.17513936758041382	0.08248578011989594	0.29484784603118896	0.1343611627817154	0.05671897158026695	0.014079642482101917	0.42409664392471313	0.33397176861763	0.04236925020813942
PRKAB1	0.2222835123538971	0.025901753455400467	0.23575285077095032	0.14996404945850372	0.03243790939450264	0.137214794754982	0.1285289227962494	0.06842394173145294	0.0006128813256509602	0.0024855658411979675	0.001051466097123921	0.030125215649604797	0.01919238083064556	0.029054313898086548	0.03158249333500862	0.0002841089153662324	0.06649155914783478	0.08703207224607468	0.062101203948259354	0.17750056087970734	0.08513323962688446	0.3224242329597473	0.0413862019777298	0.034490033984184265	0.005399973597377539	0.5870612263679504	0.20034310221672058	0.009664117358624935
EHMT1	0.5544074177742004	0.0688517838716507	0.15507200360298157	0.07857615500688553	0.041553910821676254	0.7458152770996094	0.054826896637678146	0.16234822571277618	0.001015002140775323	0.00029641823493875563	0.00035329844104126096	0.11167611926794052	0.07513461261987686	0.04206989333033562	0.01765131577849388	0.01810671016573906	0.07255596667528152	0.04954831674695015	0.08638978749513626	0.13647818565368652	0.002680442528799176	0.11856754124164581	0.04218883812427521	0.07902074605226517	0.016330435872077942	0.23963004350662231	0.0853469967842102	0.007404521107673645
EYA1	0.8134242296218872	0.06470300257205963	0.05368584394454956	0.017634671181440353	0.07043212652206421	0.3126981556415558	0.04173712432384491	0.12444005906581879	0.0003623545344453305	0.00013326361658982933	0.00021274489699862897	0.1359926164150238	0.08853776752948761	0.046373914927244186	0.00876572448760271	0.0017443980323150754	0.07641223818063736	0.03211415559053421	0.0492992028594017	0.11465524882078171	0.004052368458360434	0.1704346239566803	0.04544121026992798	0.07430532574653625	0.0038211317732930183	0.3291616439819336	0.210026815533638	0.00849181693047285
CHD4	0.6361023783683777	0.05442585423588753	0.20490901172161102	0.24462659657001495	0.0461098849773407	0.26312029361724854	0.051881998777389526	0.1277230829000473	0.00010474104783497751	0.00011327044921927154	0.0001310185471083969	0.08252286911010742	0.07864894717931747	0.04879181087017059	0.02629774622619152	0.004594646859914064	0.10033796727657318	0.04157765954732895	0.09242821484804153	0.10754179954528809	0.004055185243487358	0.1739788055419922	0.06931111216545105	0.12152012437582016	0.004187682643532753	0.4857247471809387	0.14292334020137787	0.001823717844672501
SMARCA4	0.36879318952560425	0.056500185281038284	0.15891440212726593	0.0729508250951767	0.14548033475875854	0.1454138457775116	0.23822961747646332	0.24276021122932434	0.00612905528396368	0.007010301575064659	0.00660823006182909	0.22800897061824799	0.1497361660003662	0.2722838222980499	0.06881392747163773	0.0063098096288740635	0.13517622649669647	0.07616223394870758	0.17911475896835327	0.18794867396354675	0.13897696137428284	0.35338088870048523	0.19138045608997345	0.3198685646057129	0.02834239788353443	0.4417002499103546	0.12932227551937103	0.03781329467892647
MBTD1	0.3220440149307251	0.01184164360165596	0.3156120181083679	0.09664104133844376	0.04489224776625633	0.24977293610572815	0.10112576931715012	0.24220417439937592	0.0027197161689400673	0.0038628384936600924	0.0045386492274701595	0.12666858732700348	0.04403635114431381	0.06722686439752579	0.021902207285165787	0.008402200415730476	0.11138661205768585	0.11671506613492966	0.08498270809650421	0.1751922070980072	0.021522166207432747	0.25796350836753845	0.081277996301651	0.11684149503707886	0.011082549579441547	0.6921634674072266	0.07573802769184113	0.016738925129175186
BRCA1	0.2508017420768738	0.060671307146549225	0.386555552482605	0.07716721296310425	0.05134735256433487	0.13380631804466248	0.12605726718902588	0.2716563045978546	0.02022864669561386	0.020702093839645386	0.01828591898083687	0.13215996325016022	0.08558942377567291	0.169122576713562	0.039456430822610855	0.013167018070816994	0.10002971440553665	0.12657463550567627	0.10909106582403183	0.1687825322151184	0.1845216304063797	0.2754514515399933	0.0715034082531929	0.09955602884292603	0.017955519258975983	0.6342331171035767	0.07555267959833145	0.018767498433589935
KAT2A	0.6426103115081787	0.09826788306236267	0.09965403378009796	0.06821015477180481	0.12976545095443726	0.2517387270927429	0.09663383662700653	0.3412254750728607	0.009955857880413532	0.0023879907093942165	0.0017234464175999165	0.10159867256879807	0.08932874351739883	0.060228873044252396	0.015265529043972492	0.00478047551587224	0.11606793105602264	0.07379430532455444	0.06653756648302078	0.30105775594711304	0.0259450264275074	0.2942197024822235	0.07685536891222	0.08136697113513947	0.023055681958794594	0.32126396894454956	0.11055201292037964	0.008822718635201454
HDAC4	0.16627728939056396	0.0054801711812615395	0.1100359708070755	0.030826957896351814	0.005077979527413845	0.11346142739057541	0.0982828214764595	0.0283467136323452	0.00024416553787887096	0.0019358783029019833	0.0006824944284744561	0.015719261020421982	0.0050272042863070965	0.017550725489854813	0.004084012471139431	1.6614589185337536e-05	0.019313860684633255	0.023789213970303535	0.008172315545380116	0.036608658730983734	0.47194206714630127	0.23772183060646057	0.02055123820900917	0.008433982729911804	0.0017405352555215359	0.6815984845161438	0.06964542716741562	0.006958136335015297
SIRT2	0.06810271739959717	0.04483015462756157	0.824897825717926	0.09818801283836365	0.022886181250214577	0.051885589957237244	0.28493645787239075	0.11867940425872803	0.0028489285614341497	0.00015034188982099295	0.00015335314674302936	0.1296943575143814	0.014756200835108757	0.026451177895069122	0.01596967689692974	0.0004796379362232983	0.06102501600980759	0.06833375245332718	0.06277429312467575	0.10461204499006271	0.009933464229106903	0.29058346152305603	0.04846980422735214	0.06921106576919556	0.0023305315990000963	0.6463350057601929	0.035231973975896835	0.0010469440603628755
TET3	0.4671442210674286	0.020881930366158485	0.10950088500976562	0.13304054737091064	0.04830215871334076	0.2286824882030487	0.15190525352954865	0.33961719274520874	0.0030675334855914116	0.008471702225506306	0.0075552030466496944	0.15481501817703247	0.057175412774086	0.04949948936700821	0.04688548296689987	0.005245570093393326	0.19040851294994354	0.2031482756137848	0.21692728996276855	0.25179392099380493	0.03953919559717178	0.2187260538339615	0.0817863866686821	0.1668306142091751	0.019493229687213898	0.5866428017616272	0.2519449293613434	0.06593231856822968
RPS6KA4	0.7452343702316284	0.08015403151512146	0.1336020827293396	0.13923577964305878	0.0643647238612175	0.17571291327476501	0.09635323286056519	0.07702574878931046	0.004201723262667656	0.0008672981057316065	0.0007362242904491723	0.1046401709318161	0.051112644374370575	0.038232285529375076	0.0339224711060524	0.002055977936834097	0.12817087769508362	0.07566854357719421	0.07373270392417908	0.12054625153541565	0.013003160245716572	0.19618280231952667	0.060500748455524445	0.10385224968194962	0.021691134199500084	0.5171247124671936	0.2614026665687561	0.003273425856605172
PRKAB2	0.2650303542613983	0.02524753473699093	0.1525835245847702	0.09578882157802582	0.08288581669330597	0.27606984972953796	0.2026561051607132	0.4348248541355133	0.007770172785967588	0.02371237240731716	0.021388735622167587	0.17633484303951263	0.08988644927740097	0.20269928872585297	0.02316657267510891	0.018862895667552948	0.09078481048345566	0.10110366344451904	0.1885870397090912	0.19910043478012085	0.11990638077259064	0.24229755997657776	0.1476936936378479	0.2420717179775238	0.03884220868349075	0.4694952070713043	0.22217603027820587	0.38006171584129333
SETDB2	0.3112598657608032	0.08823028951883316	0.1019696369767189	0.0685652568936348	0.12627284228801727	0.13911914825439453	0.1826554834842682	0.25440970063209534	0.002635291079059243	0.006184848956763744	0.004740729462355375	0.26344358921051025	0.18104417622089386	0.24865472316741943	0.05532006919384003	0.002878607949241996	0.11941467970609665	0.10551320761442184	0.18321828544139862	0.24972909688949585	0.08173612505197525	0.3599807918071747	0.17344039678573608	0.22007909417152405	0.03533131629228592	0.4590321183204651	0.3126732110977173	0.06024491414427757
EYA3	0.4693995714187622	0.05133828893303871	0.12690116465091705	0.07703828066587448	0.03248421847820282	0.27594470977783203	0.13257203996181488	0.21811798214912415	0.010432456620037556	0.007504711858928204	0.006263577379286289	0.21271245181560516	0.11882547289133072	0.09701257199048996	0.02272641845047474	0.008592282421886921	0.0916866734623909	0.09027647227048874	0.08450619876384735	0.2258935123682022	0.11358866095542908	0.3033575415611267	0.08102361857891083	0.11407636106014252	0.043739739805459976	0.5772002339363098	0.18835654854774475	0.035230133682489395
ING1	0.20218081772327423	0.007262066006660461	0.09188185632228851	0.025191355496644974	0.008001964539289474	0.06873330473899841	0.09898899495601654	0.03685736283659935	0.00022761427680961788	0.0034543999936431646	0.0012532317778095603	0.019510716199874878	0.010119677521288395	0.023439249023795128	0.010092201642692089	3.899081639247015e-05	0.02724456414580345	0.028124893084168434	0.010472930036485195	0.02931923419237137	0.5429224967956543	0.2317083477973938	0.021271487697958946	0.013950560241937637	0.001036099623888731	0.6862348914146423	0.1999419629573822	0.013033205643296242
CBX2	0.6484443545341492	0.15250363945960999	0.2238549292087555	0.269619345664978	0.07990261167287827	0.3537418246269226	0.1616142988204956	0.18694978952407837	0.007626556791365147	0.0060776895843446255	0.005569523200392723	0.15249384939670563	0.13629458844661713	0.09825672954320908	0.04176844283938408	0.0224088616669178	0.1804521381855011	0.06858223676681519	0.16202113032341003	0.20092031359672546	0.05125380679965019	0.22512756288051605	0.12413962185382843	0.14735236763954163	0.06884057819843292	0.3891051113605499	0.349295437335968	0.017265448346734047
PDP1	0.6012560725212097	0.10309801250696182	0.11724421381950378	0.02653604932129383	0.05645141378045082	0.7120698094367981	0.10075636953115463	0.14216402173042297	0.0011227582581341267	0.00020914894412271678	0.00032390118576586246	0.12465604394674301	0.07051122933626175	0.06715277582406998	0.013236803002655506	0.004646011628210545	0.05621908977627754	0.04061853513121605	0.04149922356009483	0.10274789482355118	0.0045621818862855434	0.1623808741569519	0.044162072241306305	0.08979678153991699	0.015155711211264133	0.31781452894210815	0.08927637338638306	0.014028429985046387
BARD1	0.29274389147758484	0.10189137607812881	0.3206867277622223	0.1319013088941574	0.5423171520233154	0.1737579107284546	0.17580805718898773	0.3324209153652191	0.013981192372739315	0.02186593785881996	0.018599236384034157	0.24448935687541962	0.06155993789434433	0.07501939684152603	0.029010109603405	0.0034234393388032913	0.07674961537122726	0.08811759948730469	0.19124735891819	0.1937572956085205	0.0664992555975914	0.25142884254455566	0.09017021954059601	0.06972774118185043	0.025719651952385902	0.3562377095222473	0.1703939586877823	0.02215922623872757
CREBBP	0.7227847576141357	0.14626826345920563	0.18737360835075378	0.13484475016593933	0.13191892206668854	0.21379037201404572	0.06128816306591034	0.09877142310142517	0.001901676645502448	0.00029879595967940986	0.0002703719073906541	0.1692587435245514	0.05075277015566826	0.045099109411239624	0.016124343499541283	0.0010179722448810935	0.0953182503581047	0.05335984006524086	0.07387766987085342	0.12763527035713196	0.0065436093136668205	0.1983020007610321	0.06344785541296005	0.06134936586022377	0.012558111920952797	0.3277199864387512	0.4389175474643707	0.005896985996514559
HDAC5	0.20863290131092072	0.01803554594516754	0.24439813196659088	0.06286931037902832	0.011286232620477676	0.07402303069829941	0.11030086874961853	0.10176969319581985	0.0008359031053259969	0.003600835567340255	0.0012997770681977272	0.06009894609451294	0.029246622696518898	0.06799615174531937	0.011681800708174706	0.0006075678975321352	0.051500823348760605	0.10365938395261765	0.053525734692811966	0.12345890700817108	0.1709381639957428	0.3422023057937622	0.04812387004494667	0.030338359996676445	0.002080186503008008	0.6122952699661255	0.2767658829689026	0.02712058834731579
KDM3B	0.7049004435539246	0.15421320497989655	0.10789929330348969	0.06447292119264603	0.11284781247377396	0.33772680163383484	0.07625414431095123	0.13839811086654663	0.0006605113740079105	0.00043180782813578844	0.00045480814878828824	0.14049693942070007	0.051715727895498276	0.02499622479081154	0.022703882306814194	0.003142652101814747	0.12966647744178772	0.07618357241153717	0.0714658722281456	0.13378599286079407	0.008356411010026932	0.13819526135921478	0.032950785011053085	0.08101149648427963	0.009623490273952484	0.33186039328575134	0.3842630982398987	0.006998773198574781
ATM	0.15749463438987732	0.15404339134693146	0.3736547827720642	0.10520966351032257	0.15438425540924072	0.10060349851846695	0.1960131973028183	0.6918667554855347	0.02773304283618927	0.02907281555235386	0.02224932610988617	0.1766001284122467	0.09625044465065002	0.11433640867471695	0.02071283757686615	0.004594801459461451	0.11729292571544647	0.16816355288028717	0.1557622104883194	0.300980806350708	0.04462895542383194	0.23266655206680298	0.0617254264652729	0.06066398322582245	0.0301972646266222	0.29937368631362915	0.0225985087454319	0.008020169101655483
PRKCA	0.20682184398174286	0.020267626270651817	0.28071412444114685	0.07226048409938812	0.05136986821889877	0.11373229324817657	0.22169820964336395	0.46427592635154724	0.016247084364295006	0.033911045640707016	0.028087757527828217	0.1607225239276886	0.07575850933790207	0.08304589241743088	0.02064371481537819	0.007124365773051977	0.08318667113780975	0.1670742928981781	0.12879939377307892	0.2949191927909851	0.11436381936073303	0.22141559422016144	0.06194926053285599	0.1866796761751175	0.019687339663505554	0.5201933979988098	0.17376703023910522	0.19730566442012787
PRKAG1	0.47590938210487366	0.02610032632946968	0.14531365036964417	0.13571234047412872	0.045741159468889236	0.20819909870624542	0.14947620034217834	0.19813144207000732	0.005402201786637306	0.004421989433467388	0.004152209963649511	0.18114368617534637	0.05192180350422859	0.05317048728466034	0.0789395421743393	0.011672379449009895	0.2387237399816513	0.2278454750776291	0.1751621663570404	0.17509204149246216	0.053711600601673126	0.2766173779964447	0.1110917329788208	0.14979512989521027	0.028585050255060196	0.6083133220672607	0.2474362701177597	0.06154559925198555
KMT2A	0.7003293633460999	0.0895249992609024	0.08313388377428055	0.0781959742307663	0.05410798266530037	0.2886084318161011	0.12600192427635193	0.18477019667625427	0.0041608610190451145	0.0008805395336821675	0.0007013264112174511	0.31193849444389343	0.12122364342212677	0.08140167593955994	0.02286701276898384	0.0013914202572777867	0.09004013240337372	0.04977262392640114	0.06044118478894234	0.1354803740978241	0.034152623265981674	0.1883692741394043	0.07599906623363495	0.10024356842041016	0.020155007019639015	0.24793162941932678	0.4503142237663269	0.023634858429431915
PPP1CB	0.1649070829153061	0.015947779640555382	0.16830763220787048	0.05068473145365715	0.014564924873411655	0.06819696724414825	0.06901495158672333	0.1496296525001526	0.0005470880423672497	0.006237924098968506	0.002393207047134638	0.053888991475105286	0.02542165294289589	0.06029495224356651	0.007186143193393946	0.0004684209416154772	0.03325135260820389	0.07107626646757126	0.04437725618481636	0.12383870780467987	0.12275568395853043	0.2860821485519409	0.02940218150615692	0.04754053056240082	0.0027609183453023434	0.6628779172897339	0.4282294809818268	0.03375490754842758
TAF1	0.7630239129066467	0.07182112336158752	0.1291550099849701	0.12980438768863678	0.060718659311532974	0.3236267566680908	0.07974221557378769	0.17932158708572388	0.0021384197752922773	0.0007360359304584563	0.001226952183060348	0.11305516213178635	0.03747950494289398	0.0303048025816679	0.014299995265901089	0.0019355880795046687	0.08592760562896729	0.05435884743928909	0.11319729685783386	0.13892467319965363	0.011502639390528202	0.16720643639564514	0.06022243946790695	0.10907740890979767	0.013178273104131222	0.48655757308006287	0.17331886291503906	0.006063896231353283
CBX3	0.6850535869598389	0.1321723908185959	0.21120953559875488	0.06281732022762299	0.11952328681945801	0.5973507165908813	0.025713259354233742	0.13686835765838623	0.00041099623194895685	0.00023044277622830123	0.0002553842787165195	0.17171628773212433	0.05056101456284523	0.03325733542442322	0.03453487157821655	0.09770622104406357	0.2114514708518982	0.11151795089244843	0.07996394485235214	0.12077563256025314	0.004190425854176283	0.1389462798833847	0.04537908732891083	0.0687924325466156	0.014789104461669922	0.27908915281295776	0.13863325119018555	0.007355609908699989
RAG2	0.45479539036750793	0.030596358701586723	0.07357034832239151	0.07170823961496353	0.060926925390958786	0.12248514592647552	0.1294378638267517	0.31039705872535706	0.003716304199770093	0.004473656415939331	0.003422269830480218	0.13570624589920044	0.06418126821517944	0.060837313532829285	0.02867874503135681	0.0016770100919529796	0.09924539923667908	0.10669490694999695	0.06910140812397003	0.20557691156864166	0.100692518055439	0.3289971351623535	0.13535816967487335	0.09920289367437363	0.016324860975146294	0.4858972132205963	0.30269506573677063	0.14156213402748108
RNF20	0.24203835427761078	0.06202764809131622	0.34408873319625854	0.09211139380931854	0.06940261274576187	0.12835682928562164	0.1370716243982315	0.2719283998012543	0.004766413010656834	0.015057089738547802	0.011986229568719864	0.1495838463306427	0.1135208010673523	0.15388284623622894	0.030975984409451485	0.006006786599755287	0.0930214449763298	0.09092108905315399	0.12003114819526672	0.2706884443759918	0.08260742574930191	0.30413830280303955	0.07528431713581085	0.13088031113147736	0.02171465754508972	0.6648007035255432	0.169504314661026	0.030527791008353233
EP300	0.801713228225708	0.10020782053470612	0.06566045433282852	0.12488432228565216	0.04447239637374878	0.2091720700263977	0.04885363206267357	0.10733553022146225	0.0008814238244667649	0.0005589115316979587	0.0005841822712682188	0.09596249461174011	0.04137270897626877	0.03246269002556801	0.013631327077746391	0.00031905449577607214	0.06655970960855484	0.04928727075457573	0.12162191420793533	0.08546466380357742	0.0032809146214276552	0.14093543589115143	0.0395609587430954	0.07711411267518997	0.005241943523287773	0.5064378976821899	0.3041042983531952	0.002434069523587823
HDAC6	0.2377917766571045	0.024904901161789894	0.42166775465011597	0.06616953760385513	0.046016328036785126	0.24319373071193695	0.10715031623840332	0.13784977793693542	0.0005717574968002737	0.0012222216464579105	0.0009670320432633162	0.050892531871795654	0.042972542345523834	0.03818549960851669	0.016604114323854446	0.00023347641399595886	0.03432624787092209	0.03381119668483734	0.03911314159631729	0.10842105001211166	0.09481528401374817	0.4142579734325409	0.044356413185596466	0.022775983437895775	0.01398033183068037	0.6793296337127686	0.05659771338105202	0.0063294917345047
KDM4C	0.543542206287384	0.11107861250638962	0.21171835064888	0.15583792328834534	0.11614326387643814	0.36535996198654175	0.14956901967525482	0.19452881813049316	0.006621277425438166	0.007370108738541603	0.005513659678399563	0.1603018343448639	0.1316993534564972	0.08838844299316406	0.09089517593383789	0.013770831748843193	0.19511832296848297	0.08425218611955643	0.10418978333473206	0.1785506308078766	0.060220036655664444	0.23549038171768188	0.09456440806388855	0.11794523894786835	0.04551102593541145	0.3911007344722748	0.4330833852291107	0.029077675193548203
AURKB	0.7684537768363953	0.0809171125292778	0.13224250078201294	0.0936654582619667	0.10386183857917786	0.4208269417285919	0.044835712760686874	0.1554958075284958	0.0016671591438353062	0.002042205072939396	0.0014689909294247627	0.10442861914634705	0.0828314945101738	0.04680966958403587	0.019751250743865967	0.01652715355157852	0.1364293396472931	0.10515495389699936	0.11299578100442886	0.14629848301410675	0.013455919921398163	0.17486752569675446	0.054800063371658325	0.05595363304018974	0.012152166105806828	0.2781558632850647	0.18148861825466156	0.006270268000662327
PRKCB	0.30360862612724304	0.03930303454399109	0.13765479624271393	0.11917202919721603	0.08544474095106125	0.25897470116615295	0.1935616284608841	0.3252713978290558	0.003100076923146844	0.010001231916248798	0.009027080610394478	0.16185219585895538	0.06549979001283646	0.0584833063185215	0.024490883573889732	0.002821262925863266	0.07407944649457932	0.10537755489349365	0.11594521999359131	0.21173489093780518	0.05514497682452202	0.2403631955385208	0.08190730959177017	0.13558164238929749	0.022291412577033043	0.504280686378479	0.3647153079509735	0.14873135089874268
PRKAG2	0.35579583048820496	0.07031731307506561	0.23998701572418213	0.2080337107181549	0.11368630826473236	0.560118556022644	0.22619958221912384	0.2191443294286728	0.009111407212913036	0.00653288047760725	0.008544795215129852	0.12498699128627777	0.12165307253599167	0.09034895151853561	0.07190625369548798	0.013514559715986252	0.12720860540866852	0.060361556708812714	0.16727988421916962	0.2185596525669098	0.05232373997569084	0.22657103836536407	0.14025957882404327	0.29505401849746704	0.07553140074014664	0.38954222202301025	0.24800598621368408	0.044724415987730026
KMT2C	0.34869393706321716	0.04191819205880165	0.2024403065443039	0.04565337300300598	0.02447906695306301	0.12110213190317154	0.19597205519676208	0.1272684931755066	0.002963304752483964	0.004530545324087143	0.004524875432252884	0.05052348971366882	0.029002737253904343	0.05821431800723076	0.008218822069466114	0.00035367286182008684	0.03137345239520073	0.03540249541401863	0.03016425110399723	0.11348772794008255	0.2544156312942505	0.22892123460769653	0.03685150295495987	0.06855674833059311	0.00725398538634181	0.6275370717048645	0.12294428050518036	0.017760705202817917
PPP1CC	0.19160977005958557	0.040049776434898376	0.20040954649448395	0.032683972269296646	0.06241197511553764	0.07403440773487091	0.19624628126621246	0.26006773114204407	0.003529661800712347	0.00624065613374114	0.005612231325358152	0.21670770645141602	0.13138696551322937	0.1709178239107132	0.019793039187788963	0.003119584172964096	0.05455143377184868	0.09586474299430847	0.08718355745077133	0.17537114024162292	0.12493372708559036	0.3578038513660431	0.0942675992846489	0.06350494176149368	0.012881883420050144	0.5458089709281921	0.21758006513118744	0.13477183878421783
TRIM24	0.7507460117340088	0.06826207041740417	0.10561969131231308	0.030081048607826233	0.08881548792123795	0.4018459916114807	0.08064346760511398	0.1735558658838272	0.0006613970035687089	0.00027506452170200646	0.0004506872792262584	0.11243743449449539	0.04078125208616257	0.04362497478723526	0.011257286183536053	0.001830646418966353	0.07144205272197723	0.03622257709503174	0.0348636768758297	0.0919434055685997	0.005310900509357452	0.22052739560604095	0.06265713274478912	0.12360934913158417	0.0021043510641902685	0.25169795751571655	0.10628718137741089	0.013653411529958248
MORF4L1	0.7607806921005249	0.06018075346946716	0.12970666587352753	0.06540416181087494	0.1507524996995926	0.16349805891513824	0.0382903553545475	0.09542161226272583	0.00019645443535409868	0.00018911255756393075	0.00016438438615296036	0.09702593833208084	0.03611306846141815	0.04259709641337395	0.01666916534304619	0.0013787359930574894	0.13319382071495056	0.03930220007896423	0.059654608368873596	0.143855482339859	0.005785342771559954	0.19125297665596008	0.06340113282203674	0.06288155913352966	0.002993837697431445	0.28973257541656494	0.27253127098083496	0.0023078552912920713
CBL	0.24897809326648712	0.026994606480002403	0.301094651222229	0.04158967733383179	0.02381877414882183	0.07957839965820312	0.03661435469985008	0.053524140268564224	7.695235399296507e-05	0.00018109733355231583	6.754018977517262e-05	0.07050412893295288	0.043778467923402786	0.09562364220619202	0.03675561025738716	0.005919130053371191	0.14425316452980042	0.11672947555780411	0.060738831758499146	0.1331315040588379	0.0036273873411118984	0.3324004113674164	0.056610506027936935	0.025245588272809982	0.0011365354293957353	0.7246811389923096	0.07775596529245377	0.005051279906183481
KAT6A	0.26164424419403076	0.048615001142024994	0.3284466862678528	0.11490105837583542	0.30826303362846375	0.16167783737182617	0.15521931648254395	0.16022485494613647	0.0004236260137986392	0.0006957156001590192	0.0007210705662146211	0.10582495480775833	0.02554096095263958	0.01923907734453678	0.06597113609313965	0.0005101506831124425	0.11158189177513123	0.11691311746835709	0.0470535047352314	0.10604415088891983	0.00474151223897934	0.31925085186958313	0.05944207310676575	0.048625215888023376	0.005852620583027601	0.7272066473960876	0.09990241378545761	0.004236867185682058
HDAC7	0.1822371482849121	0.02351999655365944	0.1519627869129181	0.053257934749126434	0.06792905181646347	0.11686378717422485	0.15962989628314972	0.12160138040781021	0.0017491814214736223	0.011642268858850002	0.005150298587977886	0.17042459547519684	0.09101749956607819	0.28904592990875244	0.021684730425477028	0.004310603253543377	0.069893017411232	0.09706784784793854	0.14905112981796265	0.1383001208305359	0.11592605710029602	0.4346149265766144	0.19315917789936066	0.046960245817899704	0.01101982593536377	0.584877610206604	0.389242023229599	0.07206402719020844
KDM5B	0.31521010398864746	0.02210436761379242	0.26361900568008423	0.14553964138031006	0.10884369909763336	0.46577325463294983	0.20387940108776093	0.22487768530845642	0.0012994403950870037	0.0027104471810162067	0.0053429389372467995	0.10554646700620651	0.04403744637966156	0.02753014862537384	0.02915683574974537	0.00520127872005105	0.11352242529392242	0.11714037507772446	0.19804352521896362	0.1404184103012085	0.009683148935437202	0.19137971103191376	0.09078000485897064	0.2712877094745636	0.024003691971302032	0.6146752834320068	0.12985099852085114	0.018486609682440758
AURKA	0.314396470785141	0.030988313257694244	0.26083046197891235	0.17032715678215027	0.07537535578012466	0.2297651320695877	0.1616925597190857	0.22691570222377777	0.0029153532814234495	0.0307999886572361	0.0179160013794899	0.14505930244922638	0.11634019017219543	0.1117553561925888	0.052461888641119	0.009107111021876335	0.1305951327085495	0.10439479351043701	0.19035348296165466	0.21919827163219452	0.0771852433681488	0.3268546760082245	0.17347170412540436	0.14520473778247833	0.047388166189193726	0.5087226033210754	0.4740279018878937	0.12345603108406067
PRKCD	0.32046613097190857	0.028714537620544434	0.2533770203590393	0.11794481426477432	0.09168680757284164	0.16061964631080627	0.1783754527568817	0.36884796619415283	0.0068037668243050575	0.029111720621585846	0.019954590126872063	0.19252483546733856	0.09565258026123047	0.10806964337825775	0.03319332003593445	0.01667989231646061	0.14579156041145325	0.17000353336334229	0.18075644969940186	0.24861405789852142	0.11993029713630676	0.27662187814712524	0.10272514820098877	0.1231939047574997	0.03508329391479492	0.48020583391189575	0.3101588487625122	0.17593641579151154
PRKAG3	0.4141748249530792	0.024664971977472305	0.0952785313129425	0.04769686982035637	0.0509098581969738	0.142055481672287	0.26252830028533936	0.34741145372390747	0.009757335297763348	0.012501614168286324	0.01172701921314001	0.26758354902267456	0.07686406373977661	0.09697122126817703	0.020420638844370842	0.0036013813223689795	0.11741950362920761	0.15047158300876617	0.12904439866542816	0.2937009036540985	0.09289542585611343	0.28216075897216797	0.09949398785829544	0.269537091255188	0.03068924881517887	0.43532001972198486	0.18515460193157196	0.2527897357940674
KMT2D	0.33985745906829834	0.007724913302809	0.09705808758735657	0.060337454080581665	0.04719958081841469	0.2919467091560364	0.11263391375541687	0.15885652601718903	0.0016377978026866913	0.012539687566459179	0.01050500012934208	0.09150085598230362	0.05344283953309059	0.04921964928507805	0.024342281743884087	0.0067025357857346535	0.10539263486862183	0.11469727009534836	0.13197830319404602	0.16979192197322845	0.022324630990624428	0.27343663573265076	0.10635577887296677	0.10794875770807266	0.02200460247695446	0.6666379570960999	0.4591367244720459	0.155205637216568
PPP4C	0.5555253028869629	0.03194628283381462	0.1411217898130417	0.15745490789413452	0.05773879960179329	0.32253628969192505	0.09849400073289871	0.17382697761058807	0.0010606913128867745	0.0006273880135267973	0.0009194310405291617	0.1660364717245102	0.058423012495040894	0.04367854818701744	0.081041119992733	0.0030852346681058407	0.2380477339029312	0.131114199757576	0.131012424826622	0.15448272228240967	0.009754814207553864	0.3644998073577881	0.144573375582695	0.08748677372932434	0.03027268685400486	0.5317758917808533	0.16958841681480408	0.010522396303713322
